title,company,location,url
Senior Python Developer,"Payne, Roberts and Davis","Stewartbury, AA",N/A
Energy engineer,Vasquez-Davidson,"Christopherville, AA",N/A
Legal executive,"Jackson, Chambers and Levy","Port Ericaburgh, AA",N/A
Fitness centre manager,Savage-Bradley,"East Seanview, AP",N/A
Product manager,Ramirez Inc,"North Jamieview, AP",N/A
Medical technical officer,Rogers-Yates,"Davidville, AP",N/A
Physiological scientist,Kramer-Klein,"South Christopher, AE",N/A
Textile designer,Meyers-Johnson,"Port Jonathan, AE",N/A
Television floor manager,Hughes-Williams,"Osbornetown, AE",N/A
Waste management officer,"Jones, Williams and Villa","Scotttown, AP",N/A
Software Engineer (Python),Garcia PLC,"Ericberg, AE",N/A
Interpreter,Gregory and Sons,"Ramireztown, AE",N/A
Architect,"Clark, Garcia and Sosa","Figueroaview, AA",N/A
Meteorologist,Bush PLC,"Kelseystad, AA",N/A
Audiological scientist,Salazar-Meyers,"Williamsburgh, AE",N/A
English as a second language teacher,"Parker, Murphy and Brooks","Mitchellburgh, AE",N/A
Surgeon,Cruz-Brown,"West Jessicabury, AA",N/A
Equities trader,Macdonald-Ferguson,"Maloneshire, AE",N/A
Newspaper journalist,"Williams, Peterson and Rojas","Johnsonton, AA",N/A
Materials engineer,Smith and Sons,"South Davidtown, AP",N/A
Python Programmer (Entry-Level),"Moss, Duncan and Allen","Port Sara, AE",N/A
Product/process development scientist,Gomez-Carroll,"Marktown, AA",N/A
"Scientist, research (maths)","Manning, Welch and Herring","Laurenland, AE",N/A
Ecologist,"Lee, Gutierrez and Brown","Lauraton, AP",N/A
Materials engineer,"Davis, Serrano and Cook","South Tammyberg, AP",N/A
Historic buildings inspector/conservation officer,Smith LLC,"North Brandonville, AP",N/A
Data scientist,Thomas Group,"Port Robertfurt, AA",N/A
Psychiatrist,Silva-King,"Burnettbury, AE",N/A
Structural engineer,Pierce-Long,"Herbertside, AA",N/A
Immigration officer,Walker-Simpson,"Christopherport, AP",N/A
Python Programmer (Entry-Level),Cooper and Sons,"West Victor, AE",N/A
Neurosurgeon,"Donovan, Gonzalez and Figueroa","Port Aaron, AP",N/A
Broadcast engineer,"Morgan, Butler and Bennett","Loribury, AA",N/A
Make,Snyder-Lee,"Angelastad, AP",N/A
"Nurse, adult",Harris PLC,"Larrytown, AE",N/A
Air broker,Washington PLC,"West Colin, AP",N/A
"Editor, film/video","Brown, Price and Campbell","West Stephanie, AP",N/A
"Production assistant, radio",Mcgee PLC,"Laurentown, AP",N/A
"Engineer, communications",Dixon Inc,"Wrightberg, AP",N/A
Sales executive,"Thompson, Sheppard and Ward","Alberttown, AE",N/A
Software Developer (Python),Adams-Brewer,"Brockburgh, AE",N/A
Futures trader,Schneider-Brady,"North Jason, AE",N/A
Tour manager,Gonzales-Frank,"Arnoldhaven, AE",N/A
Cytogeneticist,Smith-Wong,"Lake Destiny, AP",N/A
"Designer, multimedia",Pierce-Herrera,"South Timothyburgh, AP",N/A
Trade union research officer,"Aguilar, Rivera and Quinn","New Jimmyton, AE",N/A
"Chemist, analytical","Lowe, Barnes and Thomas","New Lucasbury, AP",N/A
"Programmer, multimedia","Lewis, Gonzalez and Vasquez","Port Cory, AE",N/A
"Engineer, broadcasting (operations)",Taylor PLC,"Gileston, AA",N/A
"Teacher, primary school","Oliver, Jones and Ramirez","Cindyshire, AA",N/A
Python Developer,Rivera and Sons,"East Michaelfort, AA",N/A
Manufacturing systems engineer,Garcia PLC,"Joybury, AE",N/A
"Producer, television/film/video","Johnson, Wells and Kramer","Emmatown, AE",N/A
"Scientist, forensic",Gonzalez LLC,"Colehaven, AP",N/A
Bonds trader,"Morgan, White and Macdonald","Port Coryton, AE",N/A
Editorial assistant,Robinson-Fitzpatrick,"Amyborough, AA",N/A
Photographer,"Waters, Wilson and Hoover","Reynoldsville, AA",N/A
Retail banker,Hill LLC,"Port Billy, AP",N/A
Jewellery designer,Li-Gregory,"Adamburgh, AA",N/A
Ophthalmologist,"Fisher, Ryan and Coleman","Wilsonmouth, AA",N/A
"Back-End Web Developer (Python, Django)",Stewart-Alexander,"South Kimberly, AA",N/A
Licensed conveyancer,Abbott and Sons,"Benjaminland, AP",N/A
Futures trader,"Bryant, Santana and Davenport","Zacharyport, AA",N/A
Counselling psychologist,Smith PLC,"Port Devonville, AE",N/A
Insurance underwriter,Patterson-Singh,"East Thomas, AE",N/A
"Engineer, automotive",Martinez-Berry,"New Jeffrey, AP",N/A
"Producer, radio","May, Taylor and Fisher","Davidside, AA",N/A
Dispensing optician,"Bailey, Owen and Thompson","Jamesville, AA",N/A
"Designer, fashion/clothing",Vasquez Ltd,"New Kelly, AP",N/A
Chartered loss adjuster,Leblanc LLC,"Lake Antonio, AA",N/A
"Back-End Web Developer (Python, Django)","Jackson, Ali and Mckee","New Elizabethside, AA",N/A
Forest/woodland manager,"Blankenship, Knight and Powell","Millsbury, AE",N/A
Clinical cytogeneticist,"Patton, Haynes and Jones","Lloydton, AP",N/A
Print production planner,Wood Inc,"Port Jeremy, AA",N/A
Systems developer,Collins Group,"New Elizabethtown, AA",N/A
Graphic designer,Flores-Nelson,"Charlesstad, AE",N/A
Writer,"Mitchell, Jones and Olson","Josephbury, AE",N/A
Field seismologist,Howard Group,"Seanfurt, AA",N/A
Chief Strategy Officer,Kramer-Edwards,"Williambury, AA",N/A
Air cabin crew,Berry-Houston,"South Jorgeside, AP",N/A
Python Programmer (Entry-Level),Mathews Inc,"Robertborough, AP",N/A
Warden/ranger,Riley-Johnson,"South Saratown, AP",N/A
Sports therapist,Spencer and Sons,"Hullview, AA",N/A
Arts development officer,Camacho-Sanchez,"Philipland, AP",N/A
Printmaker,Oliver and Sons,"North Patty, AE",N/A
Health and safety adviser,Eaton PLC,"North Stephen, AE",N/A
Manufacturing systems engineer,Stanley-Frederick,"Stevensland, AP",N/A
"Programmer, applications",Bradley LLC,"Reyesstad, AE",N/A
Medical physicist,"Parker, Goodwin and Zavala","Bellberg, AP",N/A
Media planner,Kim-Miles,"North Johnland, AE",N/A
Software Developer (Python),Moreno-Rodriguez,"Martinezburgh, AE",N/A
"Surveyor, land/geomatics",Brown-Ortiz,"Joshuatown, AE",N/A
Legal executive,Hartman PLC,"West Ericstad, AA",N/A
"Librarian, academic",Brooks Inc,"Tuckertown, AE",N/A
Barrister,Washington-Castillo,"Perezton, AE",N/A
Museum/gallery exhibitions officer,"Nguyen, Yoder and Petty","Lake Abigail, AE",N/A
"Radiographer, diagnostic",Holder LLC,"Jacobshire, AP",N/A
Database administrator,Yates-Ferguson,"Port Susan, AE",N/A
Furniture designer,Ortega-Lawrence,"North Tiffany, AA",N/A
Ship broker,"Fuentes, Walls and Castro","Michelleville, AP",N/A
